"","test","data","power","num_obs","lambda1","lambda2","alpha","FC"
"1","NB test","original",0.07,20,1000,2000,100,1
"2","NB test","rarefied",0.0675,20,1000,2000,100,1
"3","t test","original",0.04,20,1000,2000,100,1
"4","t test","rarefied",0.045,20,1000,2000,100,1
"5","NB test","original",0.0575,100,1000,2000,100,1
"6","NB test","rarefied",0.0525,100,1000,2000,100,1
"7","t test","original",0.0425,100,1000,2000,100,1
"8","t test","rarefied",0.0425,100,1000,2000,100,1
"9","NB test","original",0.0725,20,1000,10000,100,1
"10","NB test","rarefied",0.07,20,1000,10000,100,1
"11","t test","original",0.04,20,1000,10000,100,1
"12","t test","rarefied",0.03,20,1000,10000,100,1
"13","NB test","original",0.0675,100,1000,10000,100,1
"14","NB test","rarefied",0.055,100,1000,10000,100,1
"15","t test","original",0.07,100,1000,10000,100,1
"16","t test","rarefied",0.05,100,1000,10000,100,1
"17","NB test","original",0.05,20,1000,2000,1000,1
"18","NB test","rarefied",0.06,20,1000,2000,1000,1
"19","t test","original",0.0375,20,1000,2000,1000,1
"20","t test","rarefied",0.045,20,1000,2000,1000,1
"21","NB test","original",0.0275,100,1000,2000,1000,1
"22","NB test","rarefied",0.0475,100,1000,2000,1000,1
"23","t test","original",0.0275,100,1000,2000,1000,1
"24","t test","rarefied",0.0425,100,1000,2000,1000,1
"25","NB test","original",0.0425,20,1000,10000,1000,1
"26","NB test","rarefied",0.0325,20,1000,10000,1000,1
"27","t test","original",0.035,20,1000,10000,1000,1
"28","t test","rarefied",0.025,20,1000,10000,1000,1
"29","NB test","original",0.0575,100,1000,10000,1000,1
"30","NB test","rarefied",0.05,100,1000,10000,1000,1
"31","t test","original",0.0625,100,1000,10000,1000,1
"32","t test","rarefied",0.05,100,1000,10000,1000,1
"33","NB test","original",0.045,20,1000,2000,10000,1
"34","NB test","rarefied",0.0425,20,1000,2000,10000,1
"35","t test","original",0.045,20,1000,2000,10000,1
"36","t test","rarefied",0.0425,20,1000,2000,10000,1
"37","NB test","original",0.0525,100,1000,2000,10000,1
"38","NB test","rarefied",0.04,100,1000,2000,10000,1
"39","t test","original",0.05,100,1000,2000,10000,1
"40","t test","rarefied",0.0375,100,1000,2000,10000,1
"41","NB test","original",0.0475,20,1000,10000,10000,1
"42","NB test","rarefied",0.0375,20,1000,10000,10000,1
"43","t test","original",0.0425,20,1000,10000,10000,1
"44","t test","rarefied",0.035,20,1000,10000,10000,1
"45","NB test","original",0.08,100,1000,10000,10000,1
"46","NB test","rarefied",0.055,100,1000,10000,10000,1
"47","t test","original",0.0775,100,1000,10000,10000,1
"48","t test","rarefied",0.0525,100,1000,10000,10000,1
"49","NB test","original",0.09,20,1000,2000,100,1.05
"50","NB test","rarefied",0.09,20,1000,2000,100,1.05
"51","t test","original",0.0475,20,1000,2000,100,1.05
"52","t test","rarefied",0.0475,20,1000,2000,100,1.05
"53","NB test","original",0.0725,100,1000,2000,100,1.05
"54","NB test","rarefied",0.07,100,1000,2000,100,1.05
"55","t test","original",0.0625,100,1000,2000,100,1.05
"56","t test","rarefied",0.065,100,1000,2000,100,1.05
"57","NB test","original",0.0725,20,1000,10000,100,1.05
"58","NB test","rarefied",0.055,20,1000,10000,100,1.05
"59","t test","original",0.0375,20,1000,10000,100,1.05
"60","t test","rarefied",0.04,20,1000,10000,100,1.05
"61","NB test","original",0.05,100,1000,10000,100,1.05
"62","NB test","rarefied",0.035,100,1000,10000,100,1.05
"63","t test","original",0.0425,100,1000,10000,100,1.05
"64","t test","rarefied",0.035,100,1000,10000,100,1.05
"65","NB test","original",0.0675,20,1000,2000,1000,1.05
"66","NB test","rarefied",0.0775,20,1000,2000,1000,1.05
"67","t test","original",0.055,20,1000,2000,1000,1.05
"68","t test","rarefied",0.0725,20,1000,2000,1000,1.05
"69","NB test","original",0.0625,100,1000,2000,1000,1.05
"70","NB test","rarefied",0.0775,100,1000,2000,1000,1.05
"71","t test","original",0.0575,100,1000,2000,1000,1.05
"72","t test","rarefied",0.0725,100,1000,2000,1000,1.05
"73","NB test","original",0.0975,20,1000,10000,1000,1.05
"74","NB test","rarefied",0.1025,20,1000,10000,1000,1.05
"75","t test","original",0.0825,20,1000,10000,1000,1.05
"76","t test","rarefied",0.0825,20,1000,10000,1000,1.05
"77","NB test","original",0.1025,100,1000,10000,1000,1.05
"78","NB test","rarefied",0.1025,100,1000,10000,1000,1.05
"79","t test","original",0.1075,100,1000,10000,1000,1.05
"80","t test","rarefied",0.1,100,1000,10000,1000,1.05
"81","NB test","original",0.06,20,1000,2000,10000,1.05
"82","NB test","rarefied",0.065,20,1000,2000,10000,1.05
"83","t test","original",0.07,20,1000,2000,10000,1.05
"84","t test","rarefied",0.0675,20,1000,2000,10000,1.05
"85","NB test","original",0.145,100,1000,2000,10000,1.05
"86","NB test","rarefied",0.11,100,1000,2000,10000,1.05
"87","t test","original",0.1475,100,1000,2000,10000,1.05
"88","t test","rarefied",0.11,100,1000,2000,10000,1.05
"89","NB test","original",0.085,20,1000,10000,10000,1.05
"90","NB test","rarefied",0.065,20,1000,10000,10000,1.05
"91","t test","original",0.11,20,1000,10000,10000,1.05
"92","t test","rarefied",0.0725,20,1000,10000,10000,1.05
"93","NB test","original",0.16,100,1000,10000,10000,1.05
"94","NB test","rarefied",0.13,100,1000,10000,10000,1.05
"95","t test","original",0.1675,100,1000,10000,10000,1.05
"96","t test","rarefied",0.13,100,1000,10000,10000,1.05
"97","NB test","original",0.06,20,1000,2000,100,1.1
"98","NB test","rarefied",0.06,20,1000,2000,100,1.1
"99","t test","original",0.0475,20,1000,2000,100,1.1
"100","t test","rarefied",0.0425,20,1000,2000,100,1.1
"101","NB test","original",0.0575,100,1000,2000,100,1.1
"102","NB test","rarefied",0.055,100,1000,2000,100,1.1
"103","t test","original",0.0525,100,1000,2000,100,1.1
"104","t test","rarefied",0.0525,100,1000,2000,100,1.1
"105","NB test","original",0.07,20,1000,10000,100,1.1
"106","NB test","rarefied",0.09,20,1000,10000,100,1.1
"107","t test","original",0.05,20,1000,10000,100,1.1
"108","t test","rarefied",0.055,20,1000,10000,100,1.1
"109","NB test","original",0.06,100,1000,10000,100,1.1
"110","NB test","rarefied",0.0675,100,1000,10000,100,1.1
"111","t test","original",0.0625,100,1000,10000,100,1.1
"112","t test","rarefied",0.0575,100,1000,10000,100,1.1
"113","NB test","original",0.095,20,1000,2000,1000,1.1
"114","NB test","rarefied",0.12,20,1000,2000,1000,1.1
"115","t test","original",0.0875,20,1000,2000,1000,1.1
"116","t test","rarefied",0.0875,20,1000,2000,1000,1.1
"117","NB test","original",0.2025,100,1000,2000,1000,1.1
"118","NB test","rarefied",0.18,100,1000,2000,1000,1.1
"119","t test","original",0.205,100,1000,2000,1000,1.1
"120","t test","rarefied",0.1775,100,1000,2000,1000,1.1
"121","NB test","original",0.1125,20,1000,10000,1000,1.1
"122","NB test","rarefied",0.11,20,1000,10000,1000,1.1
"123","t test","original",0.105,20,1000,10000,1000,1.1
"124","t test","rarefied",0.0975,20,1000,10000,1000,1.1
"125","NB test","original",0.24,100,1000,10000,1000,1.1
"126","NB test","rarefied",0.195,100,1000,10000,1000,1.1
"127","t test","original",0.2425,100,1000,10000,1000,1.1
"128","t test","rarefied",0.19,100,1000,10000,1000,1.1
"129","NB test","original",0.1125,20,1000,2000,10000,1.1
"130","NB test","rarefied",0.1,20,1000,2000,10000,1.1
"131","t test","original",0.1125,20,1000,2000,10000,1.1
"132","t test","rarefied",0.095,20,1000,2000,10000,1.1
"133","NB test","original",0.3875,100,1000,2000,10000,1.1
"134","NB test","rarefied",0.3075,100,1000,2000,10000,1.1
"135","t test","original",0.4025,100,1000,2000,10000,1.1
"136","t test","rarefied",0.3075,100,1000,2000,10000,1.1
"137","NB test","original",0.135,20,1000,10000,10000,1.1
"138","NB test","rarefied",0.1125,20,1000,10000,10000,1.1
"139","t test","original",0.1475,20,1000,10000,10000,1.1
"140","t test","rarefied",0.1125,20,1000,10000,10000,1.1
"141","NB test","original",0.4675,100,1000,10000,10000,1.1
"142","NB test","rarefied",0.2525,100,1000,10000,10000,1.1
"143","t test","original",0.5075,100,1000,10000,10000,1.1
"144","t test","rarefied",0.25,100,1000,10000,10000,1.1
"145","NB test","original",0.085,20,1000,2000,100,1.15
"146","NB test","rarefied",0.0775,20,1000,2000,100,1.15
"147","t test","original",0.0625,20,1000,2000,100,1.15
"148","t test","rarefied",0.055,20,1000,2000,100,1.15
"149","NB test","original",0.1375,100,1000,2000,100,1.15
"150","NB test","rarefied",0.12,100,1000,2000,100,1.15
"151","t test","original",0.1275,100,1000,2000,100,1.15
"152","t test","rarefied",0.11,100,1000,2000,100,1.15
"153","NB test","original",0.0675,20,1000,10000,100,1.15
"154","NB test","rarefied",0.0775,20,1000,10000,100,1.15
"155","t test","original",0.0425,20,1000,10000,100,1.15
"156","t test","rarefied",0.0475,20,1000,10000,100,1.15
"157","NB test","original",0.1425,100,1000,10000,100,1.15
"158","NB test","rarefied",0.13,100,1000,10000,100,1.15
"159","t test","original",0.13,100,1000,10000,100,1.15
"160","t test","rarefied",0.125,100,1000,10000,100,1.15
"161","NB test","original",0.1225,20,1000,2000,1000,1.15
"162","NB test","rarefied",0.095,20,1000,2000,1000,1.15
"163","t test","original",0.1025,20,1000,2000,1000,1.15
"164","t test","rarefied",0.0625,20,1000,2000,1000,1.15
"165","NB test","original",0.425,100,1000,2000,1000,1.15
"166","NB test","rarefied",0.3625,100,1000,2000,1000,1.15
"167","t test","original",0.4325,100,1000,2000,1000,1.15
"168","t test","rarefied",0.35,100,1000,2000,1000,1.15
"169","NB test","original",0.1025,20,1000,10000,1000,1.15
"170","NB test","rarefied",0.09,20,1000,10000,1000,1.15
"171","t test","original",0.09,20,1000,10000,1000,1.15
"172","t test","rarefied",0.075,20,1000,10000,1000,1.15
"173","NB test","original",0.505,100,1000,10000,1000,1.15
"174","NB test","rarefied",0.37,100,1000,10000,1000,1.15
"175","t test","original",0.5075,100,1000,10000,1000,1.15
"176","t test","rarefied",0.36,100,1000,10000,1000,1.15
"177","NB test","original",0.1625,20,1000,2000,10000,1.15
"178","NB test","rarefied",0.1325,20,1000,2000,10000,1.15
"179","t test","original",0.1775,20,1000,2000,10000,1.15
"180","t test","rarefied",0.1375,20,1000,2000,10000,1.15
"181","NB test","original",0.715,100,1000,2000,10000,1.15
"182","NB test","rarefied",0.5575,100,1000,2000,10000,1.15
"183","t test","original",0.7175,100,1000,2000,10000,1.15
"184","t test","rarefied",0.5575,100,1000,2000,10000,1.15
"185","NB test","original",0.2225,20,1000,10000,10000,1.15
"186","NB test","rarefied",0.14,20,1000,10000,10000,1.15
"187","t test","original",0.2625,20,1000,10000,10000,1.15
"188","t test","rarefied",0.135,20,1000,10000,10000,1.15
"189","NB test","original",0.8275,100,1000,10000,10000,1.15
"190","NB test","rarefied",0.585,100,1000,10000,10000,1.15
"191","t test","original",0.84,100,1000,10000,10000,1.15
"192","t test","rarefied",0.5775,100,1000,10000,10000,1.15
"193","NB test","original",0.08,20,1000,2000,100,1.2
"194","NB test","rarefied",0.0725,20,1000,2000,100,1.2
"195","t test","original",0.0525,20,1000,2000,100,1.2
"196","t test","rarefied",0.055,20,1000,2000,100,1.2
"197","NB test","original",0.16,100,1000,2000,100,1.2
"198","NB test","rarefied",0.16,100,1000,2000,100,1.2
"199","t test","original",0.1475,100,1000,2000,100,1.2
"200","t test","rarefied",0.15,100,1000,2000,100,1.2
"201","NB test","original",0.095,20,1000,10000,100,1.2
"202","NB test","rarefied",0.0875,20,1000,10000,100,1.2
"203","t test","original",0.0675,20,1000,10000,100,1.2
"204","t test","rarefied",0.0625,20,1000,10000,100,1.2
"205","NB test","original",0.1525,100,1000,10000,100,1.2
"206","NB test","rarefied",0.15,100,1000,10000,100,1.2
"207","t test","original",0.155,100,1000,10000,100,1.2
"208","t test","rarefied",0.1425,100,1000,10000,100,1.2
"209","NB test","original",0.21,20,1000,2000,1000,1.2
"210","NB test","rarefied",0.2,20,1000,2000,1000,1.2
"211","t test","original",0.1925,20,1000,2000,1000,1.2
"212","t test","rarefied",0.16,20,1000,2000,1000,1.2
"213","NB test","original",0.6225,100,1000,2000,1000,1.2
"214","NB test","rarefied",0.5425,100,1000,2000,1000,1.2
"215","t test","original",0.6125,100,1000,2000,1000,1.2
"216","t test","rarefied",0.5375,100,1000,2000,1000,1.2
"217","NB test","original",0.2175,20,1000,10000,1000,1.2
"218","NB test","rarefied",0.165,20,1000,10000,1000,1.2
"219","t test","original",0.2075,20,1000,10000,1000,1.2
"220","t test","rarefied",0.1425,20,1000,10000,1000,1.2
"221","NB test","original",0.725,100,1000,10000,1000,1.2
"222","NB test","rarefied",0.5775,100,1000,10000,1000,1.2
"223","t test","original",0.735,100,1000,10000,1000,1.2
"224","t test","rarefied",0.565,100,1000,10000,1000,1.2
"225","NB test","original",0.305,20,1000,2000,10000,1.2
"226","NB test","rarefied",0.245,20,1000,2000,10000,1.2
"227","t test","original",0.3075,20,1000,2000,10000,1.2
"228","t test","rarefied",0.245,20,1000,2000,10000,1.2
"229","NB test","original",0.91,100,1000,2000,10000,1.2
"230","NB test","rarefied",0.8025,100,1000,2000,10000,1.2
"231","t test","original",0.9125,100,1000,2000,10000,1.2
"232","t test","rarefied",0.8,100,1000,2000,10000,1.2
"233","NB test","original",0.41,20,1000,10000,10000,1.2
"234","NB test","rarefied",0.2425,20,1000,10000,10000,1.2
"235","t test","original",0.4325,20,1000,10000,10000,1.2
"236","t test","rarefied",0.2475,20,1000,10000,10000,1.2
"237","NB test","original",0.955,100,1000,10000,10000,1.2
"238","NB test","rarefied",0.805,100,1000,10000,10000,1.2
"239","t test","original",0.9525,100,1000,10000,10000,1.2
"240","t test","rarefied",0.805,100,1000,10000,10000,1.2
"241","NB test","original",0.1025,20,1000,2000,100,1.25
"242","NB test","rarefied",0.0925,20,1000,2000,100,1.25
"243","t test","original",0.08,20,1000,2000,100,1.25
"244","t test","rarefied",0.0675,20,1000,2000,100,1.25
"245","NB test","original",0.2175,100,1000,2000,100,1.25
"246","NB test","rarefied",0.22,100,1000,2000,100,1.25
"247","t test","original",0.2075,100,1000,2000,100,1.25
"248","t test","rarefied",0.2125,100,1000,2000,100,1.25
"249","NB test","original",0.0975,20,1000,10000,100,1.25
"250","NB test","rarefied",0.0975,20,1000,10000,100,1.25
"251","t test","original",0.0725,20,1000,10000,100,1.25
"252","t test","rarefied",0.08,20,1000,10000,100,1.25
"253","NB test","original",0.2125,100,1000,10000,100,1.25
"254","NB test","rarefied",0.2175,100,1000,10000,100,1.25
"255","t test","original",0.215,100,1000,10000,100,1.25
"256","t test","rarefied",0.2275,100,1000,10000,100,1.25
"257","NB test","original",0.2975,20,1000,2000,1000,1.25
"258","NB test","rarefied",0.2375,20,1000,2000,1000,1.25
"259","t test","original",0.26,20,1000,2000,1000,1.25
"260","t test","rarefied",0.2,20,1000,2000,1000,1.25
"261","NB test","original",0.81,100,1000,2000,1000,1.25
"262","NB test","rarefied",0.735,100,1000,2000,1000,1.25
"263","t test","original",0.8025,100,1000,2000,1000,1.25
"264","t test","rarefied",0.7275,100,1000,2000,1000,1.25
"265","NB test","original",0.24,20,1000,10000,1000,1.25
"266","NB test","rarefied",0.2025,20,1000,10000,1000,1.25
"267","t test","original",0.2225,20,1000,10000,1000,1.25
"268","t test","rarefied",0.1575,20,1000,10000,1000,1.25
"269","NB test","original",0.89,100,1000,10000,1000,1.25
"270","NB test","rarefied",0.7225,100,1000,10000,1000,1.25
"271","t test","original",0.8725,100,1000,10000,1000,1.25
"272","t test","rarefied",0.7175,100,1000,10000,1000,1.25
"273","NB test","original",0.3975,20,1000,2000,10000,1.25
"274","NB test","rarefied",0.265,20,1000,2000,10000,1.25
"275","t test","original",0.41,20,1000,2000,10000,1.25
"276","t test","rarefied",0.25,20,1000,2000,10000,1.25
"277","NB test","original",0.9725,100,1000,2000,10000,1.25
"278","NB test","rarefied",0.9375,100,1000,2000,10000,1.25
"279","t test","original",0.9775,100,1000,2000,10000,1.25
"280","t test","rarefied",0.935,100,1000,2000,10000,1.25
"281","NB test","original",0.5275,20,1000,10000,10000,1.25
"282","NB test","rarefied",0.345,20,1000,10000,10000,1.25
"283","t test","original",0.545,20,1000,10000,10000,1.25
"284","t test","rarefied",0.3325,20,1000,10000,10000,1.25
"285","NB test","original",0.995,100,1000,10000,10000,1.25
"286","NB test","rarefied",0.9125,100,1000,10000,10000,1.25
"287","t test","original",0.9925,100,1000,10000,10000,1.25
"288","t test","rarefied",0.9125,100,1000,10000,10000,1.25
"289","NB test","original",0.1275,20,1000,2000,100,1.3
"290","NB test","rarefied",0.13,20,1000,2000,100,1.3
"291","t test","original",0.0875,20,1000,2000,100,1.3
"292","t test","rarefied",0.085,20,1000,2000,100,1.3
"293","NB test","original",0.265,100,1000,2000,100,1.3
"294","NB test","rarefied",0.27,100,1000,2000,100,1.3
"295","t test","original",0.265,100,1000,2000,100,1.3
"296","t test","rarefied",0.2675,100,1000,2000,100,1.3
"297","NB test","original",0.115,20,1000,10000,100,1.3
"298","NB test","rarefied",0.115,20,1000,10000,100,1.3
"299","t test","original",0.09,20,1000,10000,100,1.3
"300","t test","rarefied",0.075,20,1000,10000,100,1.3
"301","NB test","original",0.32,100,1000,10000,100,1.3
"302","NB test","rarefied",0.2925,100,1000,10000,100,1.3
"303","t test","original",0.3125,100,1000,10000,100,1.3
"304","t test","rarefied",0.29,100,1000,10000,100,1.3
"305","NB test","original",0.365,20,1000,2000,1000,1.3
"306","NB test","rarefied",0.315,20,1000,2000,1000,1.3
"307","t test","original",0.3375,20,1000,2000,1000,1.3
"308","t test","rarefied",0.2825,20,1000,2000,1000,1.3
"309","NB test","original",0.925,100,1000,2000,1000,1.3
"310","NB test","rarefied",0.8975,100,1000,2000,1000,1.3
"311","t test","original",0.9225,100,1000,2000,1000,1.3
"312","t test","rarefied",0.89,100,1000,2000,1000,1.3
"313","NB test","original",0.39,20,1000,10000,1000,1.3
"314","NB test","rarefied",0.295,20,1000,10000,1000,1.3
"315","t test","original",0.365,20,1000,10000,1000,1.3
"316","t test","rarefied",0.2525,20,1000,10000,1000,1.3
"317","NB test","original",0.96,100,1000,10000,1000,1.3
"318","NB test","rarefied",0.8525,100,1000,10000,1000,1.3
"319","t test","original",0.9475,100,1000,10000,1000,1.3
"320","t test","rarefied",0.85,100,1000,10000,1000,1.3
"321","NB test","original",0.5375,20,1000,2000,10000,1.3
"322","NB test","rarefied",0.4375,20,1000,2000,10000,1.3
"323","t test","original",0.5375,20,1000,2000,10000,1.3
"324","t test","rarefied",0.4175,20,1000,2000,10000,1.3
"325","NB test","original",0.995,100,1000,2000,10000,1.3
"326","NB test","rarefied",0.9825,100,1000,2000,10000,1.3
"327","t test","original",0.995,100,1000,2000,10000,1.3
"328","t test","rarefied",0.9825,100,1000,2000,10000,1.3
"329","NB test","original",0.665,20,1000,10000,10000,1.3
"330","NB test","rarefied",0.44,20,1000,10000,10000,1.3
"331","t test","original",0.6625,20,1000,10000,10000,1.3
"332","t test","rarefied",0.4475,20,1000,10000,10000,1.3
"333","NB test","original",1,100,1000,10000,10000,1.3
"334","NB test","rarefied",0.975,100,1000,10000,10000,1.3
"335","t test","original",1,100,1000,10000,10000,1.3
"336","t test","rarefied",0.975,100,1000,10000,10000,1.3
"337","NB test","original",0.145,20,1000,2000,100,1.35
"338","NB test","rarefied",0.15,20,1000,2000,100,1.35
"339","t test","original",0.1175,20,1000,2000,100,1.35
"340","t test","rarefied",0.11,20,1000,2000,100,1.35
"341","NB test","original",0.3775,100,1000,2000,100,1.35
"342","NB test","rarefied",0.3475,100,1000,2000,100,1.35
"343","t test","original",0.38,100,1000,2000,100,1.35
"344","t test","rarefied",0.355,100,1000,2000,100,1.35
"345","NB test","original",0.15,20,1000,10000,100,1.35
"346","NB test","rarefied",0.15,20,1000,10000,100,1.35
"347","t test","original",0.12,20,1000,10000,100,1.35
"348","t test","rarefied",0.115,20,1000,10000,100,1.35
"349","NB test","original",0.42,100,1000,10000,100,1.35
"350","NB test","rarefied",0.375,100,1000,10000,100,1.35
"351","t test","original",0.4025,100,1000,10000,100,1.35
"352","t test","rarefied",0.3575,100,1000,10000,100,1.35
"353","NB test","original",0.4125,20,1000,2000,1000,1.35
"354","NB test","rarefied",0.3675,20,1000,2000,1000,1.35
"355","t test","original",0.37,20,1000,2000,1000,1.35
"356","t test","rarefied",0.315,20,1000,2000,1000,1.35
"357","NB test","original",0.975,100,1000,2000,1000,1.35
"358","NB test","rarefied",0.9275,100,1000,2000,1000,1.35
"359","t test","original",0.9725,100,1000,2000,1000,1.35
"360","t test","rarefied",0.9275,100,1000,2000,1000,1.35
"361","NB test","original",0.46,20,1000,10000,1000,1.35
"362","NB test","rarefied",0.345,20,1000,10000,1000,1.35
"363","t test","original",0.435,20,1000,10000,1000,1.35
"364","t test","rarefied",0.3175,20,1000,10000,1000,1.35
"365","NB test","original",0.9825,100,1000,10000,1000,1.35
"366","NB test","rarefied",0.9375,100,1000,10000,1000,1.35
"367","t test","original",0.9775,100,1000,10000,1000,1.35
"368","t test","rarefied",0.935,100,1000,10000,1000,1.35
"369","NB test","original",0.7075,20,1000,2000,10000,1.35
"370","NB test","rarefied",0.5725,20,1000,2000,10000,1.35
"371","t test","original",0.7075,20,1000,2000,10000,1.35
"372","t test","rarefied",0.5325,20,1000,2000,10000,1.35
"373","NB test","original",0.9975,100,1000,2000,10000,1.35
"374","NB test","rarefied",0.9975,100,1000,2000,10000,1.35
"375","t test","original",0.9975,100,1000,2000,10000,1.35
"376","t test","rarefied",1,100,1000,2000,10000,1.35
"377","NB test","original",0.8375,20,1000,10000,10000,1.35
"378","NB test","rarefied",0.6175,20,1000,10000,10000,1.35
"379","t test","original",0.8575,20,1000,10000,10000,1.35
"380","t test","rarefied",0.58,20,1000,10000,10000,1.35
"381","NB test","original",1,100,1000,10000,10000,1.35
"382","NB test","rarefied",0.9975,100,1000,10000,10000,1.35
"383","t test","original",1,100,1000,10000,10000,1.35
"384","t test","rarefied",0.9975,100,1000,10000,10000,1.35
"385","NB test","original",0.155,20,1000,2000,100,1.4
"386","NB test","rarefied",0.1425,20,1000,2000,100,1.4
"387","t test","original",0.1225,20,1000,2000,100,1.4
"388","t test","rarefied",0.1125,20,1000,2000,100,1.4
"389","NB test","original",0.4475,100,1000,2000,100,1.4
"390","NB test","rarefied",0.4325,100,1000,2000,100,1.4
"391","t test","original",0.455,100,1000,2000,100,1.4
"392","t test","rarefied",0.4425,100,1000,2000,100,1.4
"393","NB test","original",0.1775,20,1000,10000,100,1.4
"394","NB test","rarefied",0.1875,20,1000,10000,100,1.4
"395","t test","original",0.13,20,1000,10000,100,1.4
"396","t test","rarefied",0.135,20,1000,10000,100,1.4
"397","NB test","original",0.4575,100,1000,10000,100,1.4
"398","NB test","rarefied",0.4275,100,1000,10000,100,1.4
"399","t test","original",0.4575,100,1000,10000,100,1.4
"400","t test","rarefied",0.4325,100,1000,10000,100,1.4
"401","NB test","original",0.51,20,1000,2000,1000,1.4
"402","NB test","rarefied",0.4725,20,1000,2000,1000,1.4
"403","t test","original",0.485,20,1000,2000,1000,1.4
"404","t test","rarefied",0.4125,20,1000,2000,1000,1.4
"405","NB test","original",0.9975,100,1000,2000,1000,1.4
"406","NB test","rarefied",0.9825,100,1000,2000,1000,1.4
"407","t test","original",0.9975,100,1000,2000,1000,1.4
"408","t test","rarefied",0.9825,100,1000,2000,1000,1.4
"409","NB test","original",0.5475,20,1000,10000,1000,1.4
"410","NB test","rarefied",0.43,20,1000,10000,1000,1.4
"411","t test","original",0.5375,20,1000,10000,1000,1.4
"412","t test","rarefied",0.375,20,1000,10000,1000,1.4
"413","NB test","original",0.9975,100,1000,10000,1000,1.4
"414","NB test","rarefied",0.9825,100,1000,10000,1000,1.4
"415","t test","original",0.9975,100,1000,10000,1000,1.4
"416","t test","rarefied",0.9825,100,1000,10000,1000,1.4
"417","NB test","original",0.8025,20,1000,2000,10000,1.4
"418","NB test","rarefied",0.67,20,1000,2000,10000,1.4
"419","t test","original",0.7825,20,1000,2000,10000,1.4
"420","t test","rarefied",0.6525,20,1000,2000,10000,1.4
"421","NB test","original",1,100,1000,2000,10000,1.4
"422","NB test","rarefied",1,100,1000,2000,10000,1.4
"423","t test","original",1,100,1000,2000,10000,1.4
"424","t test","rarefied",1,100,1000,2000,10000,1.4
"425","NB test","original",0.895,20,1000,10000,10000,1.4
"426","NB test","rarefied",0.68,20,1000,10000,10000,1.4
"427","t test","original",0.89,20,1000,10000,10000,1.4
"428","t test","rarefied",0.6775,20,1000,10000,10000,1.4
"429","NB test","original",1,100,1000,10000,10000,1.4
"430","NB test","rarefied",1,100,1000,10000,10000,1.4
"431","t test","original",1,100,1000,10000,10000,1.4
"432","t test","rarefied",1,100,1000,10000,10000,1.4
"433","NB test","original",0.1825,20,1000,2000,100,1.45
"434","NB test","rarefied",0.1725,20,1000,2000,100,1.45
"435","t test","original",0.1575,20,1000,2000,100,1.45
"436","t test","rarefied",0.1475,20,1000,2000,100,1.45
"437","NB test","original",0.5175,100,1000,2000,100,1.45
"438","NB test","rarefied",0.4775,100,1000,2000,100,1.45
"439","t test","original",0.5075,100,1000,2000,100,1.45
"440","t test","rarefied",0.4925,100,1000,2000,100,1.45
"441","NB test","original",0.19,20,1000,10000,100,1.45
"442","NB test","rarefied",0.1775,20,1000,10000,100,1.45
"443","t test","original",0.15,20,1000,10000,100,1.45
"444","t test","rarefied",0.1475,20,1000,10000,100,1.45
"445","NB test","original",0.5325,100,1000,10000,100,1.45
"446","NB test","rarefied",0.5025,100,1000,10000,100,1.45
"447","t test","original",0.535,100,1000,10000,100,1.45
"448","t test","rarefied",0.5025,100,1000,10000,100,1.45
"449","NB test","original",0.625,20,1000,2000,1000,1.45
"450","NB test","rarefied",0.5425,20,1000,2000,1000,1.45
"451","t test","original",0.58,20,1000,2000,1000,1.45
"452","t test","rarefied",0.4975,20,1000,2000,1000,1.45
"453","NB test","original",1,100,1000,2000,1000,1.45
"454","NB test","rarefied",0.995,100,1000,2000,1000,1.45
"455","t test","original",1,100,1000,2000,1000,1.45
"456","t test","rarefied",0.995,100,1000,2000,1000,1.45
"457","NB test","original",0.65,20,1000,10000,1000,1.45
"458","NB test","rarefied",0.52,20,1000,10000,1000,1.45
"459","t test","original",0.6275,20,1000,10000,1000,1.45
"460","t test","rarefied",0.49,20,1000,10000,1000,1.45
"461","NB test","original",1,100,1000,10000,1000,1.45
"462","NB test","rarefied",0.995,100,1000,10000,1000,1.45
"463","t test","original",1,100,1000,10000,1000,1.45
"464","t test","rarefied",0.995,100,1000,10000,1000,1.45
"465","NB test","original",0.8925,20,1000,2000,10000,1.45
"466","NB test","rarefied",0.7925,20,1000,2000,10000,1.45
"467","t test","original",0.89,20,1000,2000,10000,1.45
"468","t test","rarefied",0.7725,20,1000,2000,10000,1.45
"469","NB test","original",1,100,1000,2000,10000,1.45
"470","NB test","rarefied",1,100,1000,2000,10000,1.45
"471","t test","original",1,100,1000,2000,10000,1.45
"472","t test","rarefied",1,100,1000,2000,10000,1.45
"473","NB test","original",0.945,20,1000,10000,10000,1.45
"474","NB test","rarefied",0.7575,20,1000,10000,10000,1.45
"475","t test","original",0.94,20,1000,10000,10000,1.45
"476","t test","rarefied",0.73,20,1000,10000,10000,1.45
"477","NB test","original",1,100,1000,10000,10000,1.45
"478","NB test","rarefied",1,100,1000,10000,10000,1.45
"479","t test","original",1,100,1000,10000,10000,1.45
"480","t test","rarefied",1,100,1000,10000,10000,1.45
"481","NB test","original",0.255,20,1000,2000,100,1.5
"482","NB test","rarefied",0.235,20,1000,2000,100,1.5
"483","t test","original",0.2175,20,1000,2000,100,1.5
"484","t test","rarefied",0.2075,20,1000,2000,100,1.5
"485","NB test","original",0.615,100,1000,2000,100,1.5
"486","NB test","rarefied",0.61,100,1000,2000,100,1.5
"487","t test","original",0.6075,100,1000,2000,100,1.5
"488","t test","rarefied",0.6,100,1000,2000,100,1.5
"489","NB test","original",0.2225,20,1000,10000,100,1.5
"490","NB test","rarefied",0.2125,20,1000,10000,100,1.5
"491","t test","original",0.17,20,1000,10000,100,1.5
"492","t test","rarefied",0.1725,20,1000,10000,100,1.5
"493","NB test","original",0.6175,100,1000,10000,100,1.5
"494","NB test","rarefied",0.5825,100,1000,10000,100,1.5
"495","t test","original",0.61,100,1000,10000,100,1.5
"496","t test","rarefied",0.5925,100,1000,10000,100,1.5
"497","NB test","original",0.7125,20,1000,2000,1000,1.5
"498","NB test","rarefied",0.64,20,1000,2000,1000,1.5
"499","t test","original",0.6925,20,1000,2000,1000,1.5
"500","t test","rarefied",0.6075,20,1000,2000,1000,1.5
"501","NB test","original",1,100,1000,2000,1000,1.5
"502","NB test","rarefied",0.995,100,1000,2000,1000,1.5
"503","t test","original",1,100,1000,2000,1000,1.5
"504","t test","rarefied",0.995,100,1000,2000,1000,1.5
"505","NB test","original",0.78,20,1000,10000,1000,1.5
"506","NB test","rarefied",0.6725,20,1000,10000,1000,1.5
"507","t test","original",0.77,20,1000,10000,1000,1.5
"508","t test","rarefied",0.6175,20,1000,10000,1000,1.5
"509","NB test","original",1,100,1000,10000,1000,1.5
"510","NB test","rarefied",0.9975,100,1000,10000,1000,1.5
"511","t test","original",0.9975,100,1000,10000,1000,1.5
"512","t test","rarefied",0.995,100,1000,10000,1000,1.5
"513","NB test","original",0.9475,20,1000,2000,10000,1.5
"514","NB test","rarefied",0.86,20,1000,2000,10000,1.5
"515","t test","original",0.94,20,1000,2000,10000,1.5
"516","t test","rarefied",0.8475,20,1000,2000,10000,1.5
"517","NB test","original",1,100,1000,2000,10000,1.5
"518","NB test","rarefied",1,100,1000,2000,10000,1.5
"519","t test","original",1,100,1000,2000,10000,1.5
"520","t test","rarefied",1,100,1000,2000,10000,1.5
"521","NB test","original",0.985,20,1000,10000,10000,1.5
"522","NB test","rarefied",0.84,20,1000,10000,10000,1.5
"523","t test","original",0.9725,20,1000,10000,10000,1.5
"524","t test","rarefied",0.835,20,1000,10000,10000,1.5
"525","NB test","original",1,100,1000,10000,10000,1.5
"526","NB test","rarefied",1,100,1000,10000,10000,1.5
"527","t test","original",1,100,1000,10000,10000,1.5
"528","t test","rarefied",1,100,1000,10000,10000,1.5
